Nomor Pendaftaran,Nomor Peserta,Nama,Email,No HP,Alamat,Tahun,Jalur,Pilihan 1,Perguruan Tinggi Asal,Prodi Asal,IPK,Tahun Lulus,Ijazah,Transkrip,data_khusus,Kolom Tambahan 01,Kolom Tambahan 02,Kolom Tambahan 03,Kolom Tambahan 04,Kolom Tambahan 05,Kolom Tambahan 06,Kolom Tambahan 07,Kolom Tambahan 08,Kolom Tambahan 09,Kolom Tambahan 10,Kolom Tambahan 11,Kolom Tambahan 12,Kolom Tambahan 13,Kolom Tambahan 14,Kolom Tambahan 15,Kolom Tambahan 16,Kolom Tambahan 17,Kolom Tambahan 18,Kolom Tambahan 19,Kolom Tambahan 20,Kolom Tambahan 21,Kolom Tambahan 22,Kolom Tambahan 23,Kolom Tambahan 24,Kolom Tambahan 25,Kolom Tambahan 26,Kolom Tambahan 27,Kolom Tambahan 28,Kolom Tambahan 29,Kolom Tambahan 30,Kolom Tambahan 31,Kolom Tambahan 32,Kolom Tambahan 33,Kolom Tambahan 34,Kolom Tambahan 35,Kolom Tambahan 36,Kolom Tambahan 37,Kolom Tambahan 38,Kolom Tambahan 39,Kolom Tambahan 40,Kolom Tambahan 41,Kolom Tambahan 42,Kolom Tambahan 43,Kolom Tambahan 44,Kolom Tambahan 45,Kolom Tambahan 46,Kolom Tambahan 47,Kolom Tambahan 48,Kolom Tambahan 49,Kolom Tambahan 50,Kolom Tambahan 51,Kolom Tambahan 52,Kolom Tambahan 53,Kolom Tambahan 54,Kolom Tambahan 55,Kolom Tambahan 56,Kolom Tambahan 57,Kolom Tambahan 58,Kolom Tambahan 59,Kolom Tambahan 60,Kolom Tambahan 61,Kolom Tambahan 62,Kolom Tambahan 63,Kolom Tambahan 64,Kolom Tambahan 65,Kolom Tambahan 66,Kolom Tambahan 67
26IMP00001,P26000001,Alya Pradipta,demo1@example.test,08000000001,"Alamat fiktif 1, Yogyakarta",2026,Kerjasama,Magister Pendidikan Agama Islam,Universitas Contoh 2,Prodi Asal 2,3.10,2021,Tersedia,Tersedia,Statement of Purpose - https://example.test/26IMP00001/sop.pdf$ Surat Keterangan Sehat Jasmani - https://example.test/26IMP00001/sehat.pdf,Nilai demo 1-1,Nilai demo 1-2,Nilai demo 1-3,Nilai demo 1-4,Nilai demo 1-5,Nilai demo 1-6,Nilai demo 1-7,Nilai demo 1-8,Nilai demo 1-9,Nilai demo 1-10,Nilai demo 1-11,Nilai demo 1-12,Nilai demo 1-13,Nilai demo 1-14,Nilai demo 1-15,Nilai demo 1-16,Nilai demo 1-17,Nilai demo 1-18,Nilai demo 1-19,Nilai demo 1-20,Nilai demo 1-21,Nilai demo 1-22,Nilai demo 1-23,Nilai demo 1-24,Nilai demo 1-25,Nilai demo 1-26,Nilai demo 1-27,Nilai demo 1-28,Nilai demo 1-29,Nilai demo 1-30,Nilai demo 1-31,Nilai demo 1-32,Nilai demo 1-33,Nilai demo 1-34,Nilai demo 1-35,Nilai demo 1-36,Nilai demo 1-37,Nilai demo 1-38,Nilai demo 1-39,Nilai demo 1-40,Nilai demo 1-41,Nilai demo 1-42,Nilai demo 1-43,Nilai demo 1-44,Nilai demo 1-45,Nilai demo 1-46,Nilai demo 1-47,Nilai demo 1-48,Nilai demo 1-49,Nilai demo 1-50,Nilai demo 1-51,Nilai demo 1-52,Nilai demo 1-53,Nilai demo 1-54,Nilai demo 1-55,Nilai demo 1-56,Nilai demo 1-57,Nilai demo 1-58,Nilai demo 1-59,Nilai demo 1-60,Nilai demo 1-61,Nilai demo 1-62,Nilai demo 1-63,Nilai demo 1-64,Nilai demo 1-65,Nilai demo 1-66,Nilai demo 1-67
26IMP00002,P26000002,Bima Santoso,demo2@example.test,08000000002,"Alamat fiktif 2, Yogyakarta",2026,Non Tes,Informatika,Universitas Contoh 3,Prodi Asal 3,3.20,2022,Tersedia,Tersedia,,Nilai demo 2-1,Nilai demo 2-2,Nilai demo 2-3,Nilai demo 2-4,Nilai demo 2-5,Nilai demo 2-6,Nilai demo 2-7,Nilai demo 2-8,Nilai demo 2-9,Nilai demo 2-10,Nilai demo 2-11,Nilai demo 2-12,Nilai demo 2-13,Nilai demo 2-14,Nilai demo 2-15,Nilai demo 2-16,Nilai demo 2-17,Nilai demo 2-18,Nilai demo 2-19,Nilai demo 2-20,Nilai demo 2-21,Nilai demo 2-22,Nilai demo 2-23,Nilai demo 2-24,Nilai demo 2-25,Nilai demo 2-26,Nilai demo 2-27,Nilai demo 2-28,Nilai demo 2-29,Nilai demo 2-30,Nilai demo 2-31,Nilai demo 2-32,Nilai demo 2-33,Nilai demo 2-34,Nilai demo 2-35,Nilai demo 2-36,Nilai demo 2-37,Nilai demo 2-38,Nilai demo 2-39,Nilai demo 2-40,Nilai demo 2-41,Nilai demo 2-42,Nilai demo 2-43,Nilai demo 2-44,Nilai demo 2-45,Nilai demo 2-46,Nilai demo 2-47,Nilai demo 2-48,Nilai demo 2-49,Nilai demo 2-50,Nilai demo 2-51,Nilai demo 2-52,Nilai demo 2-53,Nilai demo 2-54,Nilai demo 2-55,Nilai demo 2-56,Nilai demo 2-57,Nilai demo 2-58,Nilai demo 2-59,Nilai demo 2-60,Nilai demo 2-61,Nilai demo 2-62,Nilai demo 2-63,Nilai demo 2-64,Nilai demo 2-65,Nilai demo 2-66,Nilai demo 2-67
26IMP00003,P26000003,Cahya Nirmala,demo3@example.test,08000000003,"Alamat fiktif 3, Yogyakarta",2026,Tes Tulis,Magister Pendidikan Bahasa Arab,Universitas Contoh 4,Prodi Asal 4,3.30,2023,Tersedia,Tersedia,,Nilai demo 3-1,Nilai demo 3-2,Nilai demo 3-3,Nilai demo 3-4,Nilai demo 3-5,Nilai demo 3-6,Nilai demo 3-7,Nilai demo 3-8,Nilai demo 3-9,Nilai demo 3-10,Nilai demo 3-11,Nilai demo 3-12,Nilai demo 3-13,Nilai demo 3-14,Nilai demo 3-15,Nilai demo 3-16,Nilai demo 3-17,Nilai demo 3-18,Nilai demo 3-19,Nilai demo 3-20,Nilai demo 3-21,Nilai demo 3-22,Nilai demo 3-23,Nilai demo 3-24,Nilai demo 3-25,Nilai demo 3-26,Nilai demo 3-27,Nilai demo 3-28,Nilai demo 3-29,Nilai demo 3-30,Nilai demo 3-31,Nilai demo 3-32,Nilai demo 3-33,Nilai demo 3-34,Nilai demo 3-35,Nilai demo 3-36,Nilai demo 3-37,Nilai demo 3-38,Nilai demo 3-39,Nilai demo 3-40,Nilai demo 3-41,Nilai demo 3-42,Nilai demo 3-43,Nilai demo 3-44,Nilai demo 3-45,Nilai demo 3-46,Nilai demo 3-47,Nilai demo 3-48,Nilai demo 3-49,Nilai demo 3-50,Nilai demo 3-51,Nilai demo 3-52,Nilai demo 3-53,Nilai demo 3-54,Nilai demo 3-55,Nilai demo 3-56,Nilai demo 3-57,Nilai demo 3-58,Nilai demo 3-59,Nilai demo 3-60,Nilai demo 3-61,Nilai demo 3-62,Nilai demo 3-63,Nilai demo 3-64,Nilai demo 3-65,Nilai demo 3-66,Nilai demo 3-67
26IMP00004,,Daffa Kurnia,demo4@example.test,08000000004,"Alamat fiktif 4, Yogyakarta",2026,RPL,Interdisciplinary Islamic Studies,Universitas Contoh 1,Prodi Asal 5,3.40,2024,Tersedia,Tersedia,Dokumentasi pekerjaan - https://example.test/26IMP00004/rpl-1.pdf$ Riwayat pekerjaan - https://example.test/26IMP00004/rpl-2.pdf$ Sertifikat kompetensi - https://example.test/26IMP00004/rpl-3.pdf$ Logbook - https://example.test/26IMP00004/rpl-4.pdf$ Portofolio karya - https://example.test/26IMP00004/rpl-5.pdf$ Surat pengalaman kerja - https://example.test/26IMP00004/rpl-6.pdf$ Deskripsi pekerjaan - https://example.test/26IMP00004/rpl-7.pdf$ Bukti pelatihan - https://example.test/26IMP00004/rpl-8.pdf$ Sertifikat profesi - https://example.test/26IMP00004/rpl-9.pdf$ Rekomendasi atasan - https://example.test/26IMP00004/rpl-10.pdf$ Bukti publikasi - https://example.test/26IMP00004/rpl-11.pdf$ Bukti organisasi - https://example.test/26IMP00004/rpl-12.pdf$ Dokumen pendukung lain - https://example.test/26IMP00004/rpl-13.pdf,Nilai demo 4-1,Nilai demo 4-2,Nilai demo 4-3,Nilai demo 4-4,Nilai demo 4-5,Nilai demo 4-6,Nilai demo 4-7,Nilai demo 4-8,Nilai demo 4-9,Nilai demo 4-10,Nilai demo 4-11,Nilai demo 4-12,Nilai demo 4-13,Nilai demo 4-14,Nilai demo 4-15,Nilai demo 4-16,Nilai demo 4-17,Nilai demo 4-18,Nilai demo 4-19,Nilai demo 4-20,Nilai demo 4-21,Nilai demo 4-22,Nilai demo 4-23,Nilai demo 4-24,Nilai demo 4-25,Nilai demo 4-26,Nilai demo 4-27,Nilai demo 4-28,Nilai demo 4-29,Nilai demo 4-30,Nilai demo 4-31,Nilai demo 4-32,Nilai demo 4-33,Nilai demo 4-34,Nilai demo 4-35,Nilai demo 4-36,Nilai demo 4-37,Nilai demo 4-38,Nilai demo 4-39,Nilai demo 4-40,Nilai demo 4-41,Nilai demo 4-42,Nilai demo 4-43,Nilai demo 4-44,Nilai demo 4-45,Nilai demo 4-46,Nilai demo 4-47,Nilai demo 4-48,Nilai demo 4-49,Nilai demo 4-50,Nilai demo 4-51,Nilai demo 4-52,Nilai demo 4-53,Nilai demo 4-54,Nilai demo 4-55,Nilai demo 4-56,Nilai demo 4-57,Nilai demo 4-58,Nilai demo 4-59,Nilai demo 4-60,Nilai demo 4-61,Nilai demo 4-62,Nilai demo 4-63,Nilai demo 4-64,Nilai demo 4-65,Nilai demo 4-66,Nilai demo 4-67
26IMP00005,P26000005,Elina Maharani,demo5@example.test,08000000005,"Alamat fiktif 5, Yogyakarta",2026,Kerjasama,Magister Pendidikan Agama Islam,Universitas Contoh 2,Prodi Asal 1,3.50,2025,Tersedia,Tersedia,Statement of Purpose - https://example.test/26IMP00005/sop.pdf$ Surat Keterangan Sehat Jasmani - https://example.test/26IMP00005/sehat.pdf,Nilai demo 5-1,Nilai demo 5-2,Nilai demo 5-3,Nilai demo 5-4,Nilai demo 5-5,Nilai demo 5-6,Nilai demo 5-7,Nilai demo 5-8,Nilai demo 5-9,Nilai demo 5-10,Nilai demo 5-11,Nilai demo 5-12,Nilai demo 5-13,Nilai demo 5-14,Nilai demo 5-15,Nilai demo 5-16,Nilai demo 5-17,Nilai demo 5-18,Nilai demo 5-19,Nilai demo 5-20,Nilai demo 5-21,Nilai demo 5-22,Nilai demo 5-23,Nilai demo 5-24,Nilai demo 5-25,Nilai demo 5-26,Nilai demo 5-27,Nilai demo 5-28,Nilai demo 5-29,Nilai demo 5-30,Nilai demo 5-31,Nilai demo 5-32,Nilai demo 5-33,Nilai demo 5-34,Nilai demo 5-35,Nilai demo 5-36,Nilai demo 5-37,Nilai demo 5-38,Nilai demo 5-39,Nilai demo 5-40,Nilai demo 5-41,Nilai demo 5-42,Nilai demo 5-43,Nilai demo 5-44,Nilai demo 5-45,Nilai demo 5-46,Nilai demo 5-47,Nilai demo 5-48,Nilai demo 5-49,Nilai demo 5-50,Nilai demo 5-51,Nilai demo 5-52,Nilai demo 5-53,Nilai demo 5-54,Nilai demo 5-55,Nilai demo 5-56,Nilai demo 5-57,Nilai demo 5-58,Nilai demo 5-59,Nilai demo 5-60,Nilai demo 5-61,Nilai demo 5-62,Nilai demo 5-63,Nilai demo 5-64,Nilai demo 5-65,Nilai demo 5-66,Nilai demo 5-67
26IMP00006,P26000006,Fikri Akmal,demo6@example.test,08000000006,"Alamat fiktif 6, Yogyakarta",2026,Non Tes,Informatika,Universitas Contoh 3,Prodi Asal 2,3.60,2020,Tersedia,Tersedia,,Nilai demo 6-1,Nilai demo 6-2,Nilai demo 6-3,Nilai demo 6-4,Nilai demo 6-5,Nilai demo 6-6,Nilai demo 6-7,Nilai demo 6-8,Nilai demo 6-9,Nilai demo 6-10,Nilai demo 6-11,Nilai demo 6-12,Nilai demo 6-13,Nilai demo 6-14,Nilai demo 6-15,Nilai demo 6-16,Nilai demo 6-17,Nilai demo 6-18,Nilai demo 6-19,Nilai demo 6-20,Nilai demo 6-21,Nilai demo 6-22,Nilai demo 6-23,Nilai demo 6-24,Nilai demo 6-25,Nilai demo 6-26,Nilai demo 6-27,Nilai demo 6-28,Nilai demo 6-29,Nilai demo 6-30,Nilai demo 6-31,Nilai demo 6-32,Nilai demo 6-33,Nilai demo 6-34,Nilai demo 6-35,Nilai demo 6-36,Nilai demo 6-37,Nilai demo 6-38,Nilai demo 6-39,Nilai demo 6-40,Nilai demo 6-41,Nilai demo 6-42,Nilai demo 6-43,Nilai demo 6-44,Nilai demo 6-45,Nilai demo 6-46,Nilai demo 6-47,Nilai demo 6-48,Nilai demo 6-49,Nilai demo 6-50,Nilai demo 6-51,Nilai demo 6-52,Nilai demo 6-53,Nilai demo 6-54,Nilai demo 6-55,Nilai demo 6-56,Nilai demo 6-57,Nilai demo 6-58,Nilai demo 6-59,Nilai demo 6-60,Nilai demo 6-61,Nilai demo 6-62,Nilai demo 6-63,Nilai demo 6-64,Nilai demo 6-65,Nilai demo 6-66,Nilai demo 6-67
26IMP00007,P26000007,Gita Laras,demo7@example.test,08000000007,"Alamat fiktif 7, Yogyakarta",2026,Tes Tulis,Magister Pendidikan Bahasa Arab,Universitas Contoh 4,Prodi Asal 3,3.70,2021,Tersedia,Tersedia,,Nilai demo 7-1,Nilai demo 7-2,Nilai demo 7-3,Nilai demo 7-4,Nilai demo 7-5,Nilai demo 7-6,Nilai demo 7-7,Nilai demo 7-8,Nilai demo 7-9,Nilai demo 7-10,Nilai demo 7-11,Nilai demo 7-12,Nilai demo 7-13,Nilai demo 7-14,Nilai demo 7-15,Nilai demo 7-16,Nilai demo 7-17,Nilai demo 7-18,Nilai demo 7-19,Nilai demo 7-20,Nilai demo 7-21,Nilai demo 7-22,Nilai demo 7-23,Nilai demo 7-24,Nilai demo 7-25,Nilai demo 7-26,Nilai demo 7-27,Nilai demo 7-28,Nilai demo 7-29,Nilai demo 7-30,Nilai demo 7-31,Nilai demo 7-32,Nilai demo 7-33,Nilai demo 7-34,Nilai demo 7-35,Nilai demo 7-36,Nilai demo 7-37,Nilai demo 7-38,Nilai demo 7-39,Nilai demo 7-40,Nilai demo 7-41,Nilai demo 7-42,Nilai demo 7-43,Nilai demo 7-44,Nilai demo 7-45,Nilai demo 7-46,Nilai demo 7-47,Nilai demo 7-48,Nilai demo 7-49,Nilai demo 7-50,Nilai demo 7-51,Nilai demo 7-52,Nilai demo 7-53,Nilai demo 7-54,Nilai demo 7-55,Nilai demo 7-56,Nilai demo 7-57,Nilai demo 7-58,Nilai demo 7-59,Nilai demo 7-60,Nilai demo 7-61,Nilai demo 7-62,Nilai demo 7-63,Nilai demo 7-64,Nilai demo 7-65,Nilai demo 7-66,Nilai demo 7-67
26IMP00008,,Hana Amalia,demo8@example.test,08000000008,"Alamat fiktif 8, Yogyakarta",2026,RPL,Interdisciplinary Islamic Studies,Universitas Contoh 1,Prodi Asal 4,3.00,2022,Tersedia,Tersedia,Dokumentasi pekerjaan - https://example.test/26IMP00008/rpl-1.pdf$ Riwayat pekerjaan - https://example.test/26IMP00008/rpl-2.pdf$ Sertifikat kompetensi - https://example.test/26IMP00008/rpl-3.pdf$ Logbook - https://example.test/26IMP00008/rpl-4.pdf$ Portofolio karya - https://example.test/26IMP00008/rpl-5.pdf$ Surat pengalaman kerja - https://example.test/26IMP00008/rpl-6.pdf$ Deskripsi pekerjaan - https://example.test/26IMP00008/rpl-7.pdf$ Bukti pelatihan - https://example.test/26IMP00008/rpl-8.pdf$ Sertifikat profesi - https://example.test/26IMP00008/rpl-9.pdf$ Rekomendasi atasan - https://example.test/26IMP00008/rpl-10.pdf$ Bukti publikasi - https://example.test/26IMP00008/rpl-11.pdf$ Bukti organisasi - https://example.test/26IMP00008/rpl-12.pdf$ Dokumen pendukung lain - https://example.test/26IMP00008/rpl-13.pdf,Nilai demo 8-1,Nilai demo 8-2,Nilai demo 8-3,Nilai demo 8-4,Nilai demo 8-5,Nilai demo 8-6,Nilai demo 8-7,Nilai demo 8-8,Nilai demo 8-9,Nilai demo 8-10,Nilai demo 8-11,Nilai demo 8-12,Nilai demo 8-13,Nilai demo 8-14,Nilai demo 8-15,Nilai demo 8-16,Nilai demo 8-17,Nilai demo 8-18,Nilai demo 8-19,Nilai demo 8-20,Nilai demo 8-21,Nilai demo 8-22,Nilai demo 8-23,Nilai demo 8-24,Nilai demo 8-25,Nilai demo 8-26,Nilai demo 8-27,Nilai demo 8-28,Nilai demo 8-29,Nilai demo 8-30,Nilai demo 8-31,Nilai demo 8-32,Nilai demo 8-33,Nilai demo 8-34,Nilai demo 8-35,Nilai demo 8-36,Nilai demo 8-37,Nilai demo 8-38,Nilai demo 8-39,Nilai demo 8-40,Nilai demo 8-41,Nilai demo 8-42,Nilai demo 8-43,Nilai demo 8-44,Nilai demo 8-45,Nilai demo 8-46,Nilai demo 8-47,Nilai demo 8-48,Nilai demo 8-49,Nilai demo 8-50,Nilai demo 8-51,Nilai demo 8-52,Nilai demo 8-53,Nilai demo 8-54,Nilai demo 8-55,Nilai demo 8-56,Nilai demo 8-57,Nilai demo 8-58,Nilai demo 8-59,Nilai demo 8-60,Nilai demo 8-61,Nilai demo 8-62,Nilai demo 8-63,Nilai demo 8-64,Nilai demo 8-65,Nilai demo 8-66,Nilai demo 8-67
26IMP00009,P26000009,Iqbal Prakoso,demo9@example.test,08000000009,"Alamat fiktif 9, Yogyakarta",2026,Kerjasama,Magister Pendidikan Agama Islam,Universitas Contoh 2,Prodi Asal 5,3.10,2023,Tersedia,Tersedia,Statement of Purpose - https://example.test/26IMP00009/sop.pdf$ Surat Keterangan Sehat Jasmani - https://example.test/26IMP00009/sehat.pdf,Nilai demo 9-1,Nilai demo 9-2,Nilai demo 9-3,Nilai demo 9-4,Nilai demo 9-5,Nilai demo 9-6,Nilai demo 9-7,Nilai demo 9-8,Nilai demo 9-9,Nilai demo 9-10,Nilai demo 9-11,Nilai demo 9-12,Nilai demo 9-13,Nilai demo 9-14,Nilai demo 9-15,Nilai demo 9-16,Nilai demo 9-17,Nilai demo 9-18,Nilai demo 9-19,Nilai demo 9-20,Nilai demo 9-21,Nilai demo 9-22,Nilai demo 9-23,Nilai demo 9-24,Nilai demo 9-25,Nilai demo 9-26,Nilai demo 9-27,Nilai demo 9-28,Nilai demo 9-29,Nilai demo 9-30,Nilai demo 9-31,Nilai demo 9-32,Nilai demo 9-33,Nilai demo 9-34,Nilai demo 9-35,Nilai demo 9-36,Nilai demo 9-37,Nilai demo 9-38,Nilai demo 9-39,Nilai demo 9-40,Nilai demo 9-41,Nilai demo 9-42,Nilai demo 9-43,Nilai demo 9-44,Nilai demo 9-45,Nilai demo 9-46,Nilai demo 9-47,Nilai demo 9-48,Nilai demo 9-49,Nilai demo 9-50,Nilai demo 9-51,Nilai demo 9-52,Nilai demo 9-53,Nilai demo 9-54,Nilai demo 9-55,Nilai demo 9-56,Nilai demo 9-57,Nilai demo 9-58,Nilai demo 9-59,Nilai demo 9-60,Nilai demo 9-61,Nilai demo 9-62,Nilai demo 9-63,Nilai demo 9-64,Nilai demo 9-65,Nilai demo 9-66,Nilai demo 9-67
26IMP00010,P26000010,Jihan Safira,demo10@example.test,08000000010,"Alamat fiktif 10, Yogyakarta",2026,Non Tes,Informatika,Universitas Contoh 3,Prodi Asal 1,3.20,2024,Tersedia,Tersedia,,Nilai demo 10-1,Nilai demo 10-2,Nilai demo 10-3,Nilai demo 10-4,Nilai demo 10-5,Nilai demo 10-6,Nilai demo 10-7,Nilai demo 10-8,Nilai demo 10-9,Nilai demo 10-10,Nilai demo 10-11,Nilai demo 10-12,Nilai demo 10-13,Nilai demo 10-14,Nilai demo 10-15,Nilai demo 10-16,Nilai demo 10-17,Nilai demo 10-18,Nilai demo 10-19,Nilai demo 10-20,Nilai demo 10-21,Nilai demo 10-22,Nilai demo 10-23,Nilai demo 10-24,Nilai demo 10-25,Nilai demo 10-26,Nilai demo 10-27,Nilai demo 10-28,Nilai demo 10-29,Nilai demo 10-30,Nilai demo 10-31,Nilai demo 10-32,Nilai demo 10-33,Nilai demo 10-34,Nilai demo 10-35,Nilai demo 10-36,Nilai demo 10-37,Nilai demo 10-38,Nilai demo 10-39,Nilai demo 10-40,Nilai demo 10-41,Nilai demo 10-42,Nilai demo 10-43,Nilai demo 10-44,Nilai demo 10-45,Nilai demo 10-46,Nilai demo 10-47,Nilai demo 10-48,Nilai demo 10-49,Nilai demo 10-50,Nilai demo 10-51,Nilai demo 10-52,Nilai demo 10-53,Nilai demo 10-54,Nilai demo 10-55,Nilai demo 10-56,Nilai demo 10-57,Nilai demo 10-58,Nilai demo 10-59,Nilai demo 10-60,Nilai demo 10-61,Nilai demo 10-62,Nilai demo 10-63,Nilai demo 10-64,Nilai demo 10-65,Nilai demo 10-66,Nilai demo 10-67
26IMP00011,P26000011,Kevin Ardana,demo11@example.test,08000000011,"Alamat fiktif 11, Yogyakarta",2026,Tes Tulis,Magister Pendidikan Bahasa Arab,Universitas Contoh 4,Prodi Asal 2,3.30,2025,Tersedia,Tersedia,,Nilai demo 11-1,Nilai demo 11-2,Nilai demo 11-3,Nilai demo 11-4,Nilai demo 11-5,Nilai demo 11-6,Nilai demo 11-7,Nilai demo 11-8,Nilai demo 11-9,Nilai demo 11-10,Nilai demo 11-11,Nilai demo 11-12,Nilai demo 11-13,Nilai demo 11-14,Nilai demo 11-15,Nilai demo 11-16,Nilai demo 11-17,Nilai demo 11-18,Nilai demo 11-19,Nilai demo 11-20,Nilai demo 11-21,Nilai demo 11-22,Nilai demo 11-23,Nilai demo 11-24,Nilai demo 11-25,Nilai demo 11-26,Nilai demo 11-27,Nilai demo 11-28,Nilai demo 11-29,Nilai demo 11-30,Nilai demo 11-31,Nilai demo 11-32,Nilai demo 11-33,Nilai demo 11-34,Nilai demo 11-35,Nilai demo 11-36,Nilai demo 11-37,Nilai demo 11-38,Nilai demo 11-39,Nilai demo 11-40,Nilai demo 11-41,Nilai demo 11-42,Nilai demo 11-43,Nilai demo 11-44,Nilai demo 11-45,Nilai demo 11-46,Nilai demo 11-47,Nilai demo 11-48,Nilai demo 11-49,Nilai demo 11-50,Nilai demo 11-51,Nilai demo 11-52,Nilai demo 11-53,Nilai demo 11-54,Nilai demo 11-55,Nilai demo 11-56,Nilai demo 11-57,Nilai demo 11-58,Nilai demo 11-59,Nilai demo 11-60,Nilai demo 11-61,Nilai demo 11-62,Nilai demo 11-63,Nilai demo 11-64,Nilai demo 11-65,Nilai demo 11-66,Nilai demo 11-67
26IMP00012,,Laras Pertiwi,demo12@example.test,08000000012,"Alamat fiktif 12, Yogyakarta",2026,RPL,Interdisciplinary Islamic Studies,Universitas Contoh 1,Prodi Asal 3,3.40,2020,Tersedia,Tersedia,Dokumentasi pekerjaan - https://example.test/26IMP00012/rpl-1.pdf$ Riwayat pekerjaan - https://example.test/26IMP00012/rpl-2.pdf$ Sertifikat kompetensi - https://example.test/26IMP00012/rpl-3.pdf$ Logbook - https://example.test/26IMP00012/rpl-4.pdf$ Portofolio karya - https://example.test/26IMP00012/rpl-5.pdf$ Surat pengalaman kerja - https://example.test/26IMP00012/rpl-6.pdf$ Deskripsi pekerjaan - https://example.test/26IMP00012/rpl-7.pdf$ Bukti pelatihan - https://example.test/26IMP00012/rpl-8.pdf$ Sertifikat profesi - https://example.test/26IMP00012/rpl-9.pdf$ Rekomendasi atasan - https://example.test/26IMP00012/rpl-10.pdf$ Bukti publikasi - https://example.test/26IMP00012/rpl-11.pdf$ Bukti organisasi - https://example.test/26IMP00012/rpl-12.pdf$ Dokumen pendukung lain - https://example.test/26IMP00012/rpl-13.pdf,Nilai demo 12-1,Nilai demo 12-2,Nilai demo 12-3,Nilai demo 12-4,Nilai demo 12-5,Nilai demo 12-6,Nilai demo 12-7,Nilai demo 12-8,Nilai demo 12-9,Nilai demo 12-10,Nilai demo 12-11,Nilai demo 12-12,Nilai demo 12-13,Nilai demo 12-14,Nilai demo 12-15,Nilai demo 12-16,Nilai demo 12-17,Nilai demo 12-18,Nilai demo 12-19,Nilai demo 12-20,Nilai demo 12-21,Nilai demo 12-22,Nilai demo 12-23,Nilai demo 12-24,Nilai demo 12-25,Nilai demo 12-26,Nilai demo 12-27,Nilai demo 12-28,Nilai demo 12-29,Nilai demo 12-30,Nilai demo 12-31,Nilai demo 12-32,Nilai demo 12-33,Nilai demo 12-34,Nilai demo 12-35,Nilai demo 12-36,Nilai demo 12-37,Nilai demo 12-38,Nilai demo 12-39,Nilai demo 12-40,Nilai demo 12-41,Nilai demo 12-42,Nilai demo 12-43,Nilai demo 12-44,Nilai demo 12-45,Nilai demo 12-46,Nilai demo 12-47,Nilai demo 12-48,Nilai demo 12-49,Nilai demo 12-50,Nilai demo 12-51,Nilai demo 12-52,Nilai demo 12-53,Nilai demo 12-54,Nilai demo 12-55,Nilai demo 12-56,Nilai demo 12-57,Nilai demo 12-58,Nilai demo 12-59,Nilai demo 12-60,Nilai demo 12-61,Nilai demo 12-62,Nilai demo 12-63,Nilai demo 12-64,Nilai demo 12-65,Nilai demo 12-66,Nilai demo 12-67
